{"cameraMode":{"drawMode":0,"name":"Shaded","section":"Shading Mode"},"sceneLighting":true,"audioPlay":false,"sceneViewState":{"m_AlwaysRefresh":false,"showFog":true,"showSkybox":true,"showFlares":true,"showImageEffects":true,"showParticleSystems":true,"showVisualEffectGraphs":true,"m_FxEnabled":true},"in2DMode":false,"pivot":{"x":46.11000061035156,"y":8.800000190734864,"z":93.80999755859375},"rotation":{"x":0.08578982204198837,"y":0.27573055028915408,"z":-0.024715406820178033,"w":0.9570801258087158},"size":3.192434549331665,"orthographic":false}