{"cameraMode":{"drawMode":0,"name":"Shaded","section":"Shading Mode"},"sceneLighting":true,"audioPlay":false,"sceneViewState":{"m_AlwaysRefresh":false,"showFog":true,"showSkybox":true,"showFlares":true,"showImageEffects":true,"showParticleSystems":true,"showVisualEffectGraphs":true,"m_FxEnabled":true},"in2DMode":false,"pivot":{"x":3.92800235748291,"y":0.11713030934333801,"z":37.03622055053711},"rotation":{"x":0.04962662607431412,"y":0.080806665122509,"z":-0.004027572926133871,"w":0.9954971671104431},"size":1.8648834228515626,"orthographic":false}