{"cameraMode":{"drawMode":0,"name":"Shaded","section":"Shading Mode"},"sceneLighting":true,"audioPlay":false,"sceneViewState":{"m_AlwaysRefresh":false,"showFog":true,"showSkybox":true,"showFlares":true,"showImageEffects":true,"showParticleSystems":true,"showVisualEffectGraphs":true,"m_FxEnabled":true},"in2DMode":false,"pivot":{"x":109.99996948242188,"y":1.2999999523162842,"z":108.00003814697266},"rotation":{"x":-0.04680585861206055,"y":-0.950627863407135,"z":0.24085424840450288,"w":-0.19162079691886903},"size":103.74851989746094,"orthographic":false}