{"cameraMode":{"drawMode":0,"name":"Shaded","section":"Shading Mode"},"sceneLighting":true,"audioPlay":false,"sceneViewState":{"m_AlwaysRefresh":false,"showFog":true,"showSkybox":true,"showFlares":true,"showImageEffects":true,"showParticleSystems":true,"showVisualEffectGraphs":true,"m_FxEnabled":true},"in2DMode":false,"pivot":{"x":4.281000137329102,"y":0.23600000143051148,"z":39.37000274658203},"rotation":{"x":0.1815585196018219,"y":0.5208704471588135,"z":-0.11446011811494827,"w":0.8262134194374085},"size":2.5194051265716554,"orthographic":false}